element;excel_kpi;statut_bim
"nombre alertes critiques";"À créer · Alertes critiques";"BIM absent · table fact_alertes à créer"
"nombre alertes hautes";"À créer · Alertes hautes";"BIM absent · table fact_alertes à créer"
"nombre alertes moyennes";"À créer · Alertes moyennes";"BIM absent · table fact_alertes à créer"
"nombre alertes ouvertes";"À créer · Alertes ouvertes";"BIM absent · table fact_alertes à créer"
"couleur alerte";"À créer · règle couleur niveau_priorite";"BIM absent · fact_alertes à créer"
"niveau alerte volume";"G.3 · seuil variation volume affaires";"BIM absent · fact_affaires + alerte à créer"
"niveau alerte rdv";"G.13/G.15 · seuil taux réalisation RDV";"BIM OK · _Indicateurs[Taux réalisation de rendez-vous]"
"niveau alerte reseau";"G.6 · seuil taux mandataires actifs";"BIM OK partiel · _Indicateurs[Nombre mandataires actifs]"
"recommandation volume";"G.3 · recommandation volume";"BIM absent · fact_affaires + recommandation à créer"
"détail alertes";"À créer · fact_alertes";"BIM absent · table fact_alertes à créer"
"taux atteinte budget n volume";"Calcul à créer · G.3/G.5";"BIM absent · fact_affaires + budget_affaires à créer"
"budget n volume affaires";"G.5 · Budget affaires en euro";"BIM absent · budget_affaires à intégrer"
"budget affaires en nombre";"G.4 · Budget affaires en nombre";"BIM absent · budget_affaires à intégrer"
"nombre d’affaires produites";"G.2 · Nombre affaires produites";"BIM absent · fact_affaires à créer"
"volume d’affaires produites";"G.3 · Volume affaires produites (€)";"BIM absent · fact_affaires à créer"
"volume d’affaires en instance";"À confirmer · non explicite Excel";"BIM absent · statut affaires/fact_affaires à créer"
"volume d’affaires commissionnées";"À confirmer · affaires commissionnées";"BIM absent · fact_affaires à créer"
"répartition des affaires commissionnées";"À confirmer · détail affaires commissionnées";"BIM absent · fact_affaires + dimension produit à créer"
"montant moyen de rétrocommission";"Hors Excel direct · indicateur demandé maquette";"BIM OK · _Indicateurs[Montant moyen de rétrocommission]"
"montant rétrocommission";"Hors Excel direct · rétrocommission";"BIM OK · _Indicateurs[Montant rétrocommission]"
"comparaison de deux mois";"G.2/G.3 · mois référence vs comparé";"BIM absent · fact_affaires + Date à relier"
"mois référence";"G.2/G.3 · comparaison période";"BIM absent · fact_affaires à créer"
"évolution du nombre d’affaires";"G.2 + indicateurs instance/commissionnées à confirmer";"BIM absent · fact_affaires à créer"
"volume d’affaires";"G.3 · Volume affaires produites (€)";"BIM absent · fact_affaires à créer"
"nombre de ventes";"G.1 · Nombre de ventes";"BIM absent · fact_ventes/fact_affaires à créer"
"nombre de mia oriasés";"À confirmer · MIA ORIAS non explicite";"BIM partiel · dim_mandataire[numero_orias], mesure à créer"
"nombre de mia actifs";"G.6 · Nombre mandataire actif";"BIM OK · _Indicateurs[Nombre mandataires actifs]"
"nombre de mandataire inactif";"G.7 · Nombre mandataire inactif";"BIM OK · _Indicateurs[Nombre mandataires inactifs]"
"nombre de mia productifs";"G.8 · Nombre mandataire productif";"BIM absent · mesure productifs à créer"
"mandataire non productif";"G.9 · Nombre mandataire non productif";"BIM absent · mesure non productifs à créer"
"nombre total de mia commissionnés";"G.10 · Mandataires rétrocommissionnés";"BIM OK · _Indicateurs[Nombre mandataires rétrocommissionnés]"
"mandataire non rétrocommissionné";"G.11 · Mandataires non rétrocommissionnés";"BIM absent · mesure à créer"
"flag rétro";"G.10/G.11 · statut rétrocommission";"BIM OK · fact_rendez_vous_client[Flag rétrocommissionné]"
"flag actif";"G.6/G.7 · statut actif";"BIM OK · fact_activite_mandataire[Flag mandataire actif]"
"répartition mia";"G.6/G.8/G.10 + ORIAS à confirmer";"BIM mixte · actifs/rétro OK, productifs/ORIAS à créer"
"carte de france";"G.6/G.8/G.10 · axe agence/région";"BIM partiel · dim_agence OK, productifs à créer"
"nombre mandataires actifs par agence";"G.6 · axe agence";"BIM OK · dim_agence + _Indicateurs[Nombre mandataires actifs]"
"petit tableau réseau";"G.6/G.8/G.10 + rétrocommission";"BIM mixte · actifs/rétro OK, productifs à créer"
"raison sociale";"Axe organisation";"BIM OK · dim_agence[raison_sociale]"
"nombre de mia commissionnés";"G.10 · Mandataires rétrocommissionnés";"BIM OK · _Indicateurs[Nombre mandataires rétrocommissionnés]"
"taux mandataires actifs";"Calcul à créer · G.6/(G.6+G.7)";"BIM à créer · actifs/inactifs déjà présents"
"taux rdv visio / domicile";"G.18/G.19 · taux visio/domicile";"BIM OK · taux visio + taux domicile"
"taux rendez-vous réalisés en visioconférence";"G.18 · Taux RDV réalisés en visio";"BIM OK · _Indicateurs[Taux rendez vous réalisés en visioconférence]"
"taux rendez-vous faits à domicile";"G.19 · Taux RDV faits à domicile";"BIM OK · _Indicateurs[Taux rendez-vous faits à domicile]"
"nombre de rendez-vous réalisés en visioconférence";"G.20 · Nombre RDV réalisés en visio";"BIM OK · _Indicateurs[Nombre rendez-vous réalisés en visioconférence]"
"nombre de rendez-vous faits à domicile";"G.21 · Nombre RDV faits à domicile";"BIM OK · _Indicateurs[Nombre rendez-vous réalisés à domicile]"
"taux réalisation rdv";"G.13 · Taux réalisation RDV";"BIM OK · _Indicateurs[Taux réalisation de rendez-vous]"
"nombre rendez-vous prévus vs réalisés";"G.14/G.15 · RDV prévus/réalisés";"BIM OK · mesures RDV prévues/réalisées"
"nombre rendez-vous prévus";"G.14 · Nombre rendez-vous prévus";"BIM OK · _Indicateurs[Nombre rendez-vous prévus]"
"nombre rendez-vous réalisés";"G.15 · Nombre rendez-vous réalisés";"BIM OK · _Indicateurs[Nombre rendez-vous réalisés]"
"nombre rdv confirmés";"À créer · statut RDV confirmé";"BIM absent direct · statut confirmé à modéliser"
"répartition des rendez-vous réalisés";"G.15 · RDV réalisés par type/canal/statut";"BIM OK partiel · RDV réalisés + dims type/canal"
"détail rendez-vous";"G.14/G.15 · détail type RDV";"BIM OK partiel · fact_rendez_vous_client + dim_type_rendez_vous_client"
"nombre de rdv hebdomadaire moyen";"G.12 · RDV hebdomadaire moyen";"BIM à créer · dérivable depuis RDV + date"
"r1";"G.14/G.15 · RDV par type";"BIM OK partiel · dim_type_rendez_vous_client"
"taux de transformation des prospects";"G.16 · Taux transformation prospects";"BIM absent direct · parcours candidat ≠ prospects OAV"
"pourcentage du patrimoine capté";"G.22 · Patrimoine capté";"BIM absent · patrimoine OAV à intégrer"
"patrimoine exploitable";"G.23 · Patrimoine exploitable";"BIM absent · patrimoine OAV à intégrer"
"patrimoine contractualisé";"G.24 · Patrimoine contractualisé";"BIM absent · patrimoine OAV à intégrer"
"nombre de produits détenus";"G.25 · Produits détenus par client";"BIM absent · hors périmètre"
"date du dernier rdv";"G.26 · Dernier RDV par client";"BIM absent direct · hors périmètre"
"glossaire";"G.1–G.26 · définitions Excel";"BIM OK · table glossaire_indicateurs"
"agence";"Axes d’analyse Excel";"BIM partiel · dim_agence/dim_mandataire disponibles"
"per";"Axe produit/gamme à confirmer";"BIM absent · dimension produit/gamme non trouvée"
"répartition des rdv par csp";"À créer · CSP non explicite Excel";"BIM absent · dimension CSP non trouvée"
"performance";"G.3/G.6/G.8/G.10 selon visuel";"BIM partiel · RDV/réseau OK, affaires absentes"
